Metric,Score
Accuracy,0.8
Precision,0.7368421052631579
Recall,1.0
F1-score,0.8484848484848485
