Metric,Value
Mean Faithfulness,0.8473789626266407
Std Dev,0.11307208713220317
Samples,25.0
