Metric,Value
Mean Faithfulness,0.863113867556592
Std Dev,0.0877557728626959
Samples,25.0
