Metric,Value
Mean Faithfulness,0.5547066761927443
Std Dev,0.4053114189662436
Samples,15.0
