Metric,Score
Hit@3,0.13333333333333333
Hit@4,0.13333333333333333
Precision@3,0.06666666666666667
Precision@4,0.05
